{
  "requires": true,
  "lockfileVersion": 1,
  "dependencies": {
    "@ionic/cli-framework": {
      "version": "3.0.6",
      "resolved": "https://registry.npmjs.org/@ionic/cli-framework/-/cli-framework-3.0.6.tgz",
      "integrity": "sha512-Z4guoGhkoVfXhwC//Wzqkq6aBO9dEvp0NqN8ZYF8fOUDO0bi0GI5gaUvultK8i74rIKntwcS4xDRQLuRdn8UUA==",
      "requires": {
        "@ionic/utils-array": "1.2.2",
        "@ionic/utils-fs": "2.0.9",
        "@ionic/utils-object": "1.0.6",
        "@ionic/utils-process": "1.0.9",
        "@ionic/utils-stream": "2.0.5",
        "@ionic/utils-subprocess": "1.0.13",
        "@ionic/utils-terminal": "1.1.2",
        "chalk": "^3.0.0",
        "debug": "^4.0.0",
        "lodash": "^4.17.5",
        "log-update": "^3.2.0",
        "minimist": "^1.2.0",
        "rimraf": "^3.0.0",
        "slice-ansi": "^3.0.0",
        "string-width": "^4.1.0",
        "strip-ansi": "^6.0.0",
        "tslib": "^1.9.0",
        "untildify": "^4.0.0",
        "wrap-ansi": "^6.0.0",
        "write-file-atomic": "^3.0.0"
      }
    },
    "@ionic/cli-framework-prompts": {
      "version": "1.0.4",
      "resolved": "https://registry.npmjs.org/@ionic/cli-framework-prompts/-/cli-framework-prompts-1.0.4.tgz",
      "integrity": "sha512-mII1sPCWDsQYxOSBFjQBPzis2UJuM59T6O1/6EelCQGilHEMZ39bFNb8O2f3Irnx6y6sX/4VVTy2BQwDHMK1yA==",
      "requires": {
        "@ionic/utils-terminal": "1.1.2",
        "debug": "^4.0.0",
        "inquirer": "^7.0.0",
        "tslib": "^1.9.0"
      }
    },
    "@ionic/discover": {
      "version": "2.0.8",
      "resolved": "https://registry.npmjs.org/@ionic/discover/-/discover-2.0.8.tgz",
      "integrity": "sha512-Bk/JPL2J/Qq4FAkBrgxPdosx8rtLHXXwqsfiDWDcpW2LpsFytpzlysWsI59++h6bzp1n/w9/M/lLflfMtK6mdw==",
      "requires": {
        "debug": "^4.0.0",
        "netmask": "^1.0.6",
        "tslib": "^1.9.0",
        "ws": "^7.0.0"
      }
    },
    "@ionic/utils-array": {
      "version": "1.2.2",
      "resolved": "https://registry.npmjs.org/@ionic/utils-array/-/utils-array-1.2.2.tgz",
      "integrity": "sha512-t9FkPHw1OfWkbGobvr2z5bMfpQT3WE/LEFGLraNFiygtOrS3JQnjmqgUHQXk+WVf9RAt5pMUKcmNRCd+AUCvwQ==",
      "requires": {
        "debug": "^4.0.0",
        "tslib": "^1.9.0"
      }
    },
    "@ionic/utils-fs": {
      "version": "2.0.9",
      "resolved": "https://registry.npmjs.org/@ionic/utils-fs/-/utils-fs-2.0.9.tgz",
      "integrity": "sha512-koOcdQlMHLIncPVZYQ+GkBHFhu7CJd0PdzDf9EfQBpOZwY66muS7UAlzVtoeY6tURYYniJlQsmg3auTIgVy9bQ==",
      "requires": {
        "debug": "^4.0.0",
        "fs-extra": "^8.0.1",
        "through2": "^3.0.0",
        "tslib": "^1.9.0"
      }
    },
    "@ionic/utils-network": {
      "version": "1.0.6",
      "resolved": "https://registry.npmjs.org/@ionic/utils-network/-/utils-network-1.0.6.tgz",
      "integrity": "sha512-a7W44S+1ACuRAle9o6YuyTtt6MgxcKhK65Qf1M6rVpzfhW/rJ9gpyACbICHXst5jh2k7ngp5CT9Jyw5fByHNlQ==",
      "requires": {
        "debug": "^4.0.0",
        "tslib": "^1.9.0"
      }
    },
    "@ionic/utils-object": {
      "version": "1.0.6",
      "resolved": "https://registry.npmjs.org/@ionic/utils-object/-/utils-object-1.0.6.tgz",
      "integrity": "sha512-3defzcaHsdZQgQMKIDMki4Klp9hDKVbRfDCet6f6Xpmd8ycgIgW4wBbtcJRkasps2KJYJLs810mvI/1szOYrSA==",
      "requires": {
        "debug": "^4.0.0",
        "tslib": "^1.9.0"
      }
    },
    "@ionic/utils-process": {
      "version": "1.0.9",
      "resolved": "https://registry.npmjs.org/@ionic/utils-process/-/utils-process-1.0.9.tgz",
      "integrity": "sha512-52SejUFhEDpE5wvlsBLv5a4oxmEUXPZgTtrx3I1yIdd+5jyYuT9XVxM2uzrRMq//X7EgqvSlnnpvTObpTFV4Bw==",
      "requires": {
        "@ionic/utils-object": "1.0.6",
        "@ionic/utils-terminal": "1.1.2",
        "debug": "^4.0.0",
        "lodash": "^4.17.5",
        "tree-kill": "^1.2.2",
        "tslib": "^1.9.0"
      }
    },
    "@ionic/utils-stream": {
      "version": "2.0.5",
      "resolved": "https://registry.npmjs.org/@ionic/utils-stream/-/utils-stream-2.0.5.tgz",
      "integrity": "sha512-GOjEsgEyFTpX5Y6MpDDograU7PgPcclKvrhe1Lhft7VSg6RzeEzmZykzkDK89visw2Qb45G0gfyOuxLlq+WetA==",
      "requires": {
        "debug": "^4.0.0",
        "tslib": "^1.9.0"
      }
    },
    "@ionic/utils-subprocess": {
      "version": "1.0.13",
      "resolved": "https://registry.npmjs.org/@ionic/utils-subprocess/-/utils-subprocess-1.0.13.tgz",
      "integrity": "sha512-k7OdoJdwkdf5q2WhZDuiLR/p153vJZBlCSfj5iRfuD9bWEzJRD1uufLMT3DFSVIDLHKZt7ni1ViswWeZ1qfMpQ==",
      "requires": {
        "@ionic/utils-array": "1.2.2",
        "@ionic/utils-fs": "2.0.9",
        "@ionic/utils-process": "1.0.9",
        "@ionic/utils-stream": "2.0.5",
        "@ionic/utils-terminal": "1.1.2",
        "cross-spawn": "^7.0.0",
        "debug": "^4.0.0",
        "tslib": "^1.9.0"
      }
    },
    "@ionic/utils-terminal": {
      "version": "1.1.2",
      "resolved": "https://registry.npmjs.org/@ionic/utils-terminal/-/utils-terminal-1.1.2.tgz",
      "integrity": "sha512-ODXbta2kvFNkMIEGwl7KX5gJTcZZHkzSLoBh3wND2H+EsG0KpIqOZKWMtkj+suuPut85wyLZ7fGfARnrNf7dtA==",
      "requires": {
        "debug": "^4.0.0",
        "tslib": "^1.9.0"
      }
    },
    "@tootallnate/once": {
      "version": "1.1.2",
      "resolved": "https://registry.npmjs.org/@tootallnate/once/-/once-1.1.2.tgz",
      "integrity": "sha512-RbzJvlNzmRq5c3O09UipeuXno4tA1FE6ikOjxZK0tuxVv3412l64l5t1W5pj4+rJq9vpkm/kwiR07aZXnsKPxw=="
    },
    "agent-base": {
      "version": "6.0.2",
      "resolved": "https://registry.npmjs.org/agent-base/-/agent-base-6.0.2.tgz",
      "integrity": "sha512-RZNwNclF7+MS/8bDg70amg32dyeZGZxiDuQmZxKLAlQjr3jGyLx+4Kkk58UO7D2QdgFIQCovuSuZESne6RG6XQ==",
      "requires": {
        "debug": "4"
      }
    },
    "ansi-escapes": {
      "version": "3.2.0",
      "resolved": "https://registry.npmjs.org/ansi-escapes/-/ansi-escapes-3.2.0.tgz",
      "integrity": "sha512-cBhpre4ma+U0T1oM5fXg7Dy1Jw7zzwv7lt/GoCpr+hDQJoYnKVPLL4dCvSEFMmQurOQvSrwT7SL/DAlhBI97RQ=="
    },
    "ansi-regex": {
      "version": "4.1.0",
      "resolved": "https://registry.npmjs.org/ansi-regex/-/ansi-regex-4.1.0.tgz",
      "integrity": "sha512-1apePfXM1UOSqw0o9IiFAovVz9M5S1Dg+4TrDwfMewQ6p/rmMueb7tWZjQ1rx4Loy1ArBggoqGpfqqdI4rondg=="
    },
    "ansi-styles": {
      "version": "4.3.0",
      "resolved": "https://registry.npmjs.org/ansi-styles/-/ansi-styles-4.3.0.tgz",
      "integrity": "sha512-zbB9rCJAT1rbjiVDb2hqKFHNYLxgtk8NURxZ3IZwD3F6NtxbXZQCnnSi1Lkx+IDohdPlFp222wVALIheZJQSEg==",
      "requires": {
        "color-convert": "^2.0.1"
      }
    },
    "ast-types": {
      "version": "0.13.4",
      "resolved": "https://registry.npmjs.org/ast-types/-/ast-types-0.13.4.tgz",
      "integrity": "sha512-x1FCFnFifvYDDzTaLII71vG5uvDwgtmDTEVWAxrgeiR8VjMONcCXJx7E+USjDtHlwFmt9MysbqgF9b9Vjr6w+w==",
      "requires": {
        "tslib": "^2.0.1"
      },
      "dependencies": {
        "tslib": {
          "version": "2.0.3",
          "resolved": "https://registry.npmjs.org/tslib/-/tslib-2.0.3.tgz",
          "integrity": "sha512-uZtkfKblCEQtZKBF6EBXVZeQNl82yqtDQdv+eck8u7tdPxjLu2/lp5/uPW+um2tpuxINHWy3GhiccY7QgEaVHQ=="
        }
      }
    },
    "astral-regex": {
      "version": "2.0.0",
      "resolved": "https://registry.npmjs.org/astral-regex/-/astral-regex-2.0.0.tgz",
      "integrity": "sha512-Z7tMw1ytTXt5jqMcOP+OQteU1VuNK9Y02uuJtKQ1Sv69jXQKKg5cibLwGJow8yzZP+eAc18EmLGPal0bp36rvQ=="
    },
    "asynckit": {
      "version": "0.4.0",
      "resolved": "https://registry.npmjs.org/asynckit/-/asynckit-0.4.0.tgz",
      "integrity": "sha1-x57Zf380y48robyXkLzDZkdLS3k="
    },
    "balanced-match": {
      "version": "1.0.0",
      "resolved": "https://registry.npmjs.org/balanced-match/-/balanced-match-1.0.0.tgz",
      "integrity": "sha1-ibTRmasr7kneFk6gK4nORi1xt2c="
    },
    "brace-expansion": {
      "version": "1.1.11",
      "resolved": "https://registry.npmjs.org/brace-expansion/-/brace-expansion-1.1.11.tgz",
      "integrity": "sha512-iCuPHDFgrHX7H2vEI/5xpz07zSHB00TpugqhmYtVmMO6518mCuRMoOYFldEBl0g187ufozdaHgWKcYFb61qGiA==",
      "requires": {
        "balanced-match": "^1.0.0",
        "concat-map": "0.0.1"
      }
    },
    "bytes": {
      "version": "3.1.0",
      "resolved": "https://registry.npmjs.org/bytes/-/bytes-3.1.0.tgz",
      "integrity": "sha512-zauLjrfCG+xvoyaqLoV8bLVXXNGC4JqlxFCutSDWA6fJrTo2ZuvLYTqZ7aHBLZSMOopbzwv8f+wZcVzfVTI2Dg=="
    },
    "chalk": {
      "version": "3.0.0",
      "resolved": "https://registry.npmjs.org/chalk/-/chalk-3.0.0.tgz",
      "integrity": "sha512-4D3B6Wf41KOYRFdszmDqMCGq5VV/uMAB273JILmO+3jAlh8X4qDtdtgCR3fxtbLEMzSx22QdhnDcJvu2u1fVwg==",
      "requires": {
        "ansi-styles": "^4.1.0",
        "supports-color": "^7.1.0"
      }
    },
    "chardet": {
      "version": "0.7.0",
      "resolved": "https://registry.npmjs.org/chardet/-/chardet-0.7.0.tgz",
      "integrity": "sha512-mT8iDcrh03qDGRRmoA2hmBJnxpllMR+0/0qlzjqZES6NdiWDcZkCNAk4rPFZ9Q85r27unkiNNg8ZOiwZXBHwcA=="
    },
    "chownr": {
      "version": "1.1.4",
      "resolved": "https://registry.npmjs.org/chownr/-/chownr-1.1.4.tgz",
      "integrity": "sha512-jJ0bqzaylmJtVnNgzTeSOs8DPavpbYgEr/b0YL8/2GO3xJEhInFmhKMUnEJQjZumK7KXGFhUy89PrsJWlakBVg=="
    },
    "cli-cursor": {
      "version": "2.1.0",
      "resolved": "https://registry.npmjs.org/cli-cursor/-/cli-cursor-2.1.0.tgz",
      "integrity": "sha1-s12sN2R5+sw+lHR9QdDQ9SOP/LU=",
      "requires": {
        "restore-cursor": "^2.0.0"
      }
    },
    "cli-width": {
      "version": "3.0.0",
      "resolved": "https://registry.npmjs.org/cli-width/-/cli-width-3.0.0.tgz",
      "integrity": "sha512-FxqpkPPwu1HjuN93Omfm4h8uIanXofW0RxVEW3k5RKx+mJJYSthzNhp32Kzxxy3YAEZ/Dc/EWN1vZRY0+kOhbw=="
    },
    "color-convert": {
      "version": "2.0.1",
      "resolved": "https://registry.npmjs.org/color-convert/-/color-convert-2.0.1.tgz",
      "integrity": "sha512-RRECPsj7iu/xb5oKYcsFHSppFNnsj/52OVTRKb4zP5onXwVF3zVmmToNcOfGC+CRDpfK/U584fMg38ZHCaElKQ==",
      "requires": {
        "color-name": "~1.1.4"
      }
    },
    "color-name": {
      "version": "1.1.4",
      "resolved": "https://registry.npmjs.org/color-name/-/color-name-1.1.4.tgz",
      "integrity": "sha512-dOy+3AuW3a2wNbZHIuMZpTcgjGuLU/uBL/ubcZF9OXbDo8ff4O8yVp5Bf0efS8uEoYo5q4Fx7dY9OgQGXgAsQA=="
    },
    "combined-stream": {
      "version": "1.0.8",
      "resolved": "https://registry.npmjs.org/combined-stream/-/combined-stream-1.0.8.tgz",
      "integrity": "sha512-FQN4MRfuJeHf7cBbBMJFXhKSDq+2kAArBlmRBvcvFE5BB1HZKXtSFASDhdlz9zOYwxh8lDdnvmMOe/+5cdoEdg==",
      "requires": {
        "delayed-stream": "~1.0.0"
      }
    },
    "component-emitter": {
      "version": "1.3.0",
      "resolved": "https://registry.npmjs.org/component-emitter/-/component-emitter-1.3.0.tgz",
      "integrity": "sha512-Rd3se6QB+sO1TwqZjscQrurpEPIfO0/yYnSin6Q/rD3mOutHvUrCAhJub3r90uNb+SESBuE0QYoB90YdfatsRg=="
    },
    "concat-map": {
      "version": "0.0.1",
      "resolved": "https://registry.npmjs.org/concat-map/-/concat-map-0.0.1.tgz",
      "integrity": "sha1-2Klr13/Wjfd5OnMDajug1UBdR3s="
    },
    "cookiejar": {
      "version": "2.1.2",
      "resolved": "https://registry.npmjs.org/cookiejar/-/cookiejar-2.1.2.tgz",
      "integrity": "sha512-Mw+adcfzPxcPeI+0WlvRrr/3lGVO0bD75SxX6811cxSh1Wbxx7xZBGK1eVtDf6si8rg2lhnUjsVLMFMfbRIuwA=="
    },
    "core-util-is": {
      "version": "1.0.2",
      "resolved": "https://registry.npmjs.org/core-util-is/-/core-util-is-1.0.2.tgz",
      "integrity": "sha1-tf1UIgqivFq1eqtxQMlAdUUDwac="
    },
    "cross-spawn": {
      "version": "7.0.3",
      "resolved": "https://registry.npmjs.org/cross-spawn/-/cross-spawn-7.0.3.tgz",
      "integrity": "sha512-iRDPJKUPVEND7dHPO8rkbOnPpyDygcDFtWjpeWNCgy8WP2rXcxXL8TskReQl6OrB2G7+UJrags1q15Fudc7G6w==",
      "requires": {
        "path-key": "^3.1.0",
        "shebang-command": "^2.0.0",
        "which": "^2.0.1"
      }
    },
    "data-uri-to-buffer": {
      "version": "3.0.1",
      "resolved": "https://registry.npmjs.org/data-uri-to-buffer/-/data-uri-to-buffer-3.0.1.tgz",
      "integrity": "sha512-WboRycPNsVw3B3TL559F7kuBUM4d8CgMEvk6xEJlOp7OBPjt6G7z8WMWlD2rOFZLk6OYfFIUGsCOWzcQH9K2og=="
    },
    "debug": {
      "version": "4.2.0",
      "resolved": "https://registry.npmjs.org/debug/-/debug-4.2.0.tgz",
      "integrity": "sha512-IX2ncY78vDTjZMFUdmsvIRFY2Cf4FnD0wRs+nQwJU8Lu99/tPFdb0VybiiMTPe3I6rQmwsqQqRBvxU+bZ/I8sg==",
      "requires": {
        "ms": "2.1.2"
      }
    },
    "deep-is": {
      "version": "0.1.3",
      "resolved": "https://registry.npmjs.org/deep-is/-/deep-is-0.1.3.tgz",
      "integrity": "sha1-s2nW+128E+7PUk+RsHD+7cNXzzQ="
    },
    "degenerator": {
      "version": "2.2.0",
      "resolved": "https://registry.npmjs.org/degenerator/-/degenerator-2.2.0.tgz",
      "integrity": "sha512-aiQcQowF01RxFI4ZLFMpzyotbQonhNpBao6dkI8JPk5a+hmSjR5ErHp2CQySmQe8os3VBqLCIh87nDBgZXvsmg==",
      "requires": {
        "ast-types": "^0.13.2",
        "escodegen": "^1.8.1",
        "esprima": "^4.0.0"
      }
    },
    "delayed-stream": {
      "version": "1.0.0",
      "resolved": "https://registry.npmjs.org/delayed-stream/-/delayed-stream-1.0.0.tgz",
      "integrity": "sha1-3zrhmayt+31ECqrgsp4icrJOxhk="
    },
    "depd": {
      "version": "1.1.2",
      "resolved": "https://registry.npmjs.org/depd/-/depd-1.1.2.tgz",
      "integrity": "sha1-m81S4UwJd2PnSbJ0xDRu0uVgtak="
    },
    "diff": {
      "version": "4.0.2",
      "resolved": "https://registry.npmjs.org/diff/-/diff-4.0.2.tgz",
      "integrity": "sha512-58lmxKSA4BNyLz+HHMUzlOEpg09FV+ev6ZMe3vJihgdxzgcwZ8VoEEPmALCZG9LmqfVoNMMKpttIYTVG6uDY7A=="
    },
    "duplexer2": {
      "version": "0.1.4",
      "resolved": "https://registry.npmjs.org/duplexer2/-/duplexer2-0.1.4.tgz",
      "integrity": "sha1-ixLauHjA1p4+eJEFFmKjL8a93ME=",
      "requires": {
        "readable-stream": "^2.0.2"
      },
      "dependencies": {
        "readable-stream": {
          "version": "2.3.7",
          "resolved": "https://registry.npmjs.org/readable-stream/-/readable-stream-2.3.7.tgz",
          "integrity": "sha512-Ebho8K4jIbHAxnuxi7o42OrZgF/ZTNcsZj6nRKyUmkhLFq8CHItp/fy6hQZuZmP/n3yZ9VBUbp4zz/mX8hmYPw==",
          "requires": {
            "core-util-is": "~1.0.0",
            "inherits": "~2.0.3",
            "isarray": "~1.0.0",
            "process-nextick-args": "~2.0.0",
            "safe-buffer": "~5.1.1",
            "string_decoder": "~1.1.1",
            "util-deprecate": "~1.0.1"
          }
        },
        "safe-buffer": {
          "version": "5.1.2",
          "resolved": "https://registry.npmjs.org/safe-buffer/-/safe-buffer-5.1.2.tgz",
          "integrity": "sha512-Gd2UZBJDkXlY7GbJxfsE8/nvKkUEU1G38c1siN6QP6a9PT9MmHB8GnpscSmMJSoF8LOIrt8ud/wPtojys4G6+g=="
        },
        "string_decoder": {
          "version": "1.1.1",
          "resolved": "https://registry.npmjs.org/string_decoder/-/string_decoder-1.1.1.tgz",
          "integrity": "sha512-n/ShnvDi6FHbbVfviro+WojiFzv+s8MPMHBczVePfUpDJLwoLT0ht1l4YwBCbi8pJAveEEdnkHyPyTP/mzRfwg==",
          "requires": {
            "safe-buffer": "~5.1.0"
          }
        }
      }
    },
    "elementtree": {
      "version": "0.1.7",
      "resolved": "https://registry.npmjs.org/elementtree/-/elementtree-0.1.7.tgz",
      "integrity": "sha1-mskb5uUvtuYkTE5UpKw+2K6OKcA=",
      "requires": {
        "sax": "1.1.4"
      }
    },
    "emoji-regex": {
      "version": "7.0.3",
      "resolved": "https://registry.npmjs.org/emoji-regex/-/emoji-regex-7.0.3.tgz",
      "integrity": "sha512-CwBLREIQ7LvYFB0WyRvwhq5N5qPhc6PMjD6bYggFlI5YyDgl+0vxq5VHbMOFqLg7hfWzmu8T5Z1QofhmTIhItA=="
    },
    "end-of-stream": {
      "version": "1.4.4",
      "resolved": "https://registry.npmjs.org/end-of-stream/-/end-of-stream-1.4.4.tgz",
      "integrity": "sha512-+uw1inIHVPQoaVuHzRyXd21icM+cnt4CzD5rW+NC1wjOUSTOs+Te7FOv7AhN7vS9x/oIyhLP5PR1H+phQAHu5Q==",
      "requires": {
        "once": "^1.4.0"
      }
    },
    "escape-string-regexp": {
      "version": "1.0.5",
      "resolved": "https://registry.npmjs.org/escape-string-regexp/-/escape-string-regexp-1.0.5.tgz",
      "integrity": "sha1-G2HAViGQqN/2rjuyzwIAyhMLhtQ="
    },
    "escodegen": {
      "version": "1.14.3",
      "resolved": "https://registry.npmjs.org/escodegen/-/escodegen-1.14.3.tgz",
      "integrity": "sha512-qFcX0XJkdg+PB3xjZZG/wKSuT1PnQWx57+TVSjIMmILd2yC/6ByYElPwJnslDsuWuSAp4AwJGumarAAmJch5Kw==",
      "requires": {
        "esprima": "^4.0.1",
        "estraverse": "^4.2.0",
        "esutils": "^2.0.2",
        "optionator": "^0.8.1",
        "source-map": "~0.6.1"
      }
    },
    "esprima": {
      "version": "4.0.1",
      "resolved": "https://registry.npmjs.org/esprima/-/esprima-4.0.1.tgz",
      "integrity": "sha512-eGuFFw7Upda+g4p+QHvnW0RyTX/SVeJBDM/gCtMARO0cLuT2HcEKnTPvhjV6aGeqrCB/sbNop0Kszm0jsaWU4A=="
    },
    "estraverse": {
      "version": "4.3.0",
      "resolved": "https://registry.npmjs.org/estraverse/-/estraverse-4.3.0.tgz",
      "integrity": "sha512-39nnKffWz8xN1BU/2c79n9nB9HDzo0niYUqx6xyqUnyoAnQyyWpOTdZEeiCch8BBu515t4wp9ZmgVfVhn9EBpw=="
    },
    "esutils": {
      "version": "2.0.3",
      "resolved": "https://registry.npmjs.org/esutils/-/esutils-2.0.3.tgz",
      "integrity": "sha512-kVscqXk4OCp68SZ0dkgEKVi6/8ij300KBWTJq32P/dYeWTSwK41WyTxalN1eRmA5Z9UU/LX9D7FWSmV9SAYx6g=="
    },
    "execa": {
      "version": "1.0.0",
      "resolved": "https://registry.npmjs.org/execa/-/execa-1.0.0.tgz",
      "integrity": "sha512-adbxcyWV46qiHyvSp50TKt05tB4tK3HcmF7/nxfAdhnox83seTDbwnaqKO4sXRy7roHAIFqJP/Rw/AuEbX61LA==",
      "requires": {
        "cross-spawn": "^6.0.0",
        "get-stream": "^4.0.0",
        "is-stream": "^1.1.0",
        "npm-run-path": "^2.0.0",
        "p-finally": "^1.0.0",
        "signal-exit": "^3.0.0",
        "strip-eof": "^1.0.0"
      },
      "dependencies": {
        "cross-spawn": {
          "version": "6.0.5",
          "resolved": "https://registry.npmjs.org/cross-spawn/-/cross-spawn-6.0.5.tgz",
          "integrity": "sha512-eTVLrBSt7fjbDygz805pMnstIs2VTBNkRm0qxZd+M7A5XDdxVRWO5MxGBXZhjY4cqLYLdtrGqRf8mBPmzwSpWQ==",
          "requires": {
            "nice-try": "^1.0.4",
            "path-key": "^2.0.1",
            "semver": "^5.5.0",
            "shebang-command": "^1.2.0",
            "which": "^1.2.9"
          }
        },
        "path-key": {
          "version": "2.0.1",
          "resolved": "https://registry.npmjs.org/path-key/-/path-key-2.0.1.tgz",
          "integrity": "sha1-QRyttXTFoUDTpLGRDUDYDMn0C0A="
        },
        "semver": {
          "version": "5.7.1",
          "resolved": "https://registry.npmjs.org/semver/-/semver-5.7.1.tgz",
          "integrity": "sha512-sauaDf/PZdVgrLTNYHRtpXa1iRiKcaebiKQ1BJdpQlWH2lCvexQdX55snPFyK7QzpudqbCI0qXFfOasHdyNDGQ=="
        },
        "shebang-command": {
          "version": "1.2.0",
          "resolved": "https://registry.npmjs.org/shebang-command/-/shebang-command-1.2.0.tgz",
          "integrity": "sha1-RKrGW2lbAzmJaMOfNj/uXer98eo=",
          "requires": {
            "shebang-regex": "^1.0.0"
          }
        },
        "shebang-regex": {
          "version": "1.0.0",
          "resolved": "https://registry.npmjs.org/shebang-regex/-/shebang-regex-1.0.0.tgz",
          "integrity": "sha1-2kL0l0DAtC2yypcoVxyxkMmO/qM="
        },
        "which": {
          "version": "1.3.1",
          "resolved": "https://registry.npmjs.org/which/-/which-1.3.1.tgz",
          "integrity": "sha512-HxJdYWq1MTIQbJ3nw0cqssHoTNU267KlrDuGZ1WYlxDStUtKUhOaJmh112/TZmHxxUfuJqPXSOm7tDyas0OSIQ==",
          "requires": {
            "isexe": "^2.0.0"
          }
        }
      }
    },
    "external-editor": {
      "version": "3.1.0",
      "resolved": "https://registry.npmjs.org/external-editor/-/external-editor-3.1.0.tgz",
      "integrity": "sha512-hMQ4CX1p1izmuLYyZqLMO/qGNw10wSv9QDCPfzXfyFrOaCSSoRfqE1Kf1s5an66J5JZC62NewG+mK49jOCtQew==",
      "requires": {
        "chardet": "^0.7.0",
        "iconv-lite": "^0.4.24",
        "tmp": "^0.0.33"
      }
    },
    "fast-levenshtein": {
      "version": "2.0.6",
      "resolved": "https://registry.npmjs.org/fast-levenshtein/-/fast-levenshtein-2.0.6.tgz",
      "integrity": "sha1-PYpcZog6FqMMqGQ+hR8Zuqd5eRc="
    },
    "figures": {
      "version": "3.2.0",
      "resolved": "https://registry.npmjs.org/figures/-/figures-3.2.0.tgz",
      "integrity": "sha512-yaduQFRKLXYOGgEn6AZau90j3ggSOyiqXU0F9JZfeXYhNa+Jk4X+s45A2zg5jns87GAFa34BBm2kXw4XpNcbdg==",
      "requires": {
        "escape-string-regexp": "^1.0.5"
      }
    },
    "file-uri-to-path": {
      "version": "2.0.0",
      "resolved": "https://registry.npmjs.org/file-uri-to-path/-/file-uri-to-path-2.0.0.tgz",
      "integrity": "sha512-hjPFI8oE/2iQPVe4gbrJ73Pp+Xfub2+WI2LlXDbsaJBwT5wuMh35WNWVYYTpnz895shtwfyutMFLFywpQAFdLg=="
    },
    "form-data": {
      "version": "2.5.1",
      "resolved": "https://registry.npmjs.org/form-data/-/form-data-2.5.1.tgz",
      "integrity": "sha512-m21N3WOmEEURgk6B9GLOE4RuWOFf28Lhh9qGYeNlGq4VDXUlJy2th2slBNU8Gp8EzloYZOibZJ7t5ecIrFSjVA==",
      "requires": {
        "asynckit": "^0.4.0",
        "combined-stream": "^1.0.6",
        "mime-types": "^2.1.12"
      }
    },
    "formidable": {
      "version": "1.2.2",
      "resolved": "https://registry.npmjs.org/formidable/-/formidable-1.2.2.tgz",
      "integrity": "sha512-V8gLm+41I/8kguQ4/o1D3RIHRmhYFG4pnNyonvua+40rqcEmT4+V71yaZ3B457xbbgCsCfjSPi65u/W6vK1U5Q=="
    },
    "fs-extra": {
      "version": "8.1.0",
      "resolved": "https://registry.npmjs.org/fs-extra/-/fs-extra-8.1.0.tgz",
      "integrity": "sha512-yhlQgA6mnOJUKOsRUFsgJdQCvkKhcz8tlZG5HBQfReYZy46OwLcY+Zia0mtdHsOo9y/hP+CxMN0TU9QxoOtG4g==",
      "requires": {
        "graceful-fs": "^4.2.0",
        "jsonfile": "^4.0.0",
        "universalify": "^0.1.0"
      }
    },
    "fs-minipass": {
      "version": "1.2.7",
      "resolved": "https://registry.npmjs.org/fs-minipass/-/fs-minipass-1.2.7.tgz",
      "integrity": "sha512-GWSSJGFy4e9GUeCcbIkED+bgAoFyj7XF1mV8rma3QW4NIqX9Kyx79N/PF61H5udOV3aY1IaMLs6pGbH71nlCTA==",
      "requires": {
        "minipass": "^2.6.0"
      }
    },
    "fs.realpath": {
      "version": "1.0.0",
      "resolved": "https://registry.npmjs.org/fs.realpath/-/fs.realpath-1.0.0.tgz",
      "integrity": "sha1-FQStJSMVjKpA20onh8sBQRmU6k8="
    },
    "ftp": {
      "version": "0.3.10",
      "resolved": "https://registry.npmjs.org/ftp/-/ftp-0.3.10.tgz",
      "integrity": "sha1-kZfYYa2BQvPmPVqDv+TFn3MwiF0=",
      "requires": {
        "readable-stream": "1.1.x",
        "xregexp": "2.0.0"
      },
      "dependencies": {
        "isarray": {
          "version": "0.0.1",
          "resolved": "https://registry.npmjs.org/isarray/-/isarray-0.0.1.tgz",
          "integrity": "sha1-ihis/Kmo9Bd+Cav8YDiTmwXR7t8="
        },
        "readable-stream": {
          "version": "1.1.14",
          "resolved": "https://registry.npmjs.org/readable-stream/-/readable-stream-1.1.14.tgz",
          "integrity": "sha1-fPTFTvZI44EwhMY23SB54WbAgdk=",
          "requires": {
            "core-util-is": "~1.0.0",
            "inherits": "~2.0.1",
            "isarray": "0.0.1",
            "string_decoder": "~0.10.x"
          }
        },
        "string_decoder": {
          "version": "0.10.31",
          "resolved": "https://registry.npmjs.org/string_decoder/-/string_decoder-0.10.31.tgz",
          "integrity": "sha1-YuIDvEF2bGwoyfyEMB2rHFMQ+pQ="
        }
      }
    },
    "get-stream": {
      "version": "4.1.0",
      "resolved": "https://registry.npmjs.org/get-stream/-/get-stream-4.1.0.tgz",
      "integrity": "sha512-GMat4EJ5161kIy2HevLlr4luNjBgvmj413KaQA7jt4V8B4RDsfpHk7WQ9GVqfYyyx8OS/L66Kox+rJRNklLK7w==",
      "requires": {
        "pump": "^3.0.0"
      }
    },
    "get-uri": {
      "version": "3.0.2",
      "resolved": "https://registry.npmjs.org/get-uri/-/get-uri-3.0.2.tgz",
      "integrity": "sha512-+5s0SJbGoyiJTZZ2JTpFPLMPSch72KEqGOTvQsBqg0RBWvwhWUSYZFAtz3TPW0GXJuLBJPts1E241iHg+VRfhg==",
      "requires": {
        "@tootallnate/once": "1",
        "data-uri-to-buffer": "3",
        "debug": "4",
        "file-uri-to-path": "2",
        "fs-extra": "^8.1.0",
        "ftp": "^0.3.10"
      }
    },
    "glob": {
      "version": "7.1.6",
      "resolved": "https://registry.npmjs.org/glob/-/glob-7.1.6.tgz",
      "integrity": "sha512-LwaxwyZ72Lk7vZINtNNrywX0ZuLyStrdDtabefZKAY5ZGJhVtgdznluResxNmPitE0SAO+O26sWTHeKSI2wMBA==",
      "requires": {
        "fs.realpath": "^1.0.0",
        "inflight": "^1.0.4",
        "inherits": "2",
        "minimatch": "^3.0.4",
        "once": "^1.3.0",
        "path-is-absolute": "^1.0.0"
      }
    },
    "graceful-fs": {
      "version": "4.2.4",
      "resolved": "https://registry.npmjs.org/graceful-fs/-/graceful-fs-4.2.4.tgz",
      "integrity": "sha512-WjKPNJF79dtJAVniUlGGWHYGz2jWxT6VhN/4m1NdkbZ2nOsEF+cI1Edgql5zCRhs/VsQYRvrXctxktVXZUkixw=="
    },
    "has-flag": {
      "version": "4.0.0",
      "resolved": "https://registry.npmjs.org/has-flag/-/has-flag-4.0.0.tgz",
      "integrity": "sha512-EykJT/Q1KjTWctppgIAgfSO0tKVuZUjhgMr17kqTumMl6Afv3EISleU7qZUzoXDFTAHTDC4NOoG/ZxU3EvlMPQ=="
    },
    "http-errors": {
      "version": "1.7.3",
      "resolved": "https://registry.npmjs.org/http-errors/-/http-errors-1.7.3.tgz",
      "integrity": "sha512-ZTTX0MWrsQ2ZAhA1cejAwDLycFsd7I7nVtnkT3Ol0aqodaKW+0CTZDQ1uBv5whptCnc8e8HeRRJxRs0kmm/Qfw==",
      "requires": {
        "depd": "~1.1.2",
        "inherits": "2.0.4",
        "setprototypeof": "1.1.1",
        "statuses": ">= 1.5.0 < 2",
        "toidentifier": "1.0.0"
      }
    },
    "http-proxy-agent": {
      "version": "4.0.1",
      "resolved": "https://registry.npmjs.org/http-proxy-agent/-/http-proxy-agent-4.0.1.tgz",
      "integrity": "sha512-k0zdNgqWTGA6aeIRVpvfVob4fL52dTfaehylg0Y4UvSySvOq/Y+BOyPrgpUrA7HylqvU8vIZGsRuXmspskV0Tg==",
      "requires": {
        "@tootallnate/once": "1",
        "agent-base": "6",
        "debug": "4"
      }
    },
    "https-proxy-agent": {
      "version": "5.0.0",
      "resolved": "https://registry.npmjs.org/https-proxy-agent/-/https-proxy-agent-5.0.0.tgz",
      "integrity": "sha512-EkYm5BcKUGiduxzSt3Eppko+PiNWNEpa4ySk9vTC6wDsQJW9rHSa+UhGNJoRYp7bz6Ht1eaRIa6QaJqO5rCFbA==",
      "requires": {
        "agent-base": "6",
        "debug": "4"
      }
    },
    "iconv-lite": {
      "version": "0.4.24",
      "resolved": "https://registry.npmjs.org/iconv-lite/-/iconv-lite-0.4.24.tgz",
      "integrity": "sha512-v3MXnZAcvnywkTUEZomIActle7RXXeedOR31wwl7VlyoXO4Qi9arvSenNQWne1TcRwhCL1HwLI21bEqdpj8/rA==",
      "requires": {
        "safer-buffer": ">= 2.1.2 < 3"
      }
    },
    "imurmurhash": {
      "version": "0.1.4",
      "resolved": "https://registry.npmjs.org/imurmurhash/-/imurmurhash-0.1.4.tgz",
      "integrity": "sha1-khi5srkoojixPcT7a21XbyMUU+o="
    },
    "inflight": {
      "version": "1.0.6",
      "resolved": "https://registry.npmjs.org/inflight/-/inflight-1.0.6.tgz",
      "integrity": "sha1-Sb1jMdfQLQwJvJEKEHW6gWW1bfk=",
      "requires": {
        "once": "^1.3.0",
        "wrappy": "1"
      }
    },
    "inherits": {
      "version": "2.0.4",
      "resolved": "https://registry.npmjs.org/inherits/-/inherits-2.0.4.tgz",
      "integrity": "sha512-k/vGaX4/Yla3WzyMCvTQOXYeIHvqOKtnqBduzTHpzpQZzAskKMhZ2K+EnBiSM9zGSoIFeMpXKxa4dYeZIQqewQ=="
    },
    "inquirer": {
      "version": "7.3.3",
      "resolved": "https://registry.npmjs.org/inquirer/-/inquirer-7.3.3.tgz",
      "integrity": "sha512-JG3eIAj5V9CwcGvuOmoo6LB9kbAYT8HXffUl6memuszlwDC/qvFAJw49XJ5NROSFNPxp3iQg1GqkFhaY/CR0IA==",
      "requires": {
        "ansi-escapes": "^4.2.1",
        "chalk": "^4.1.0",
        "cli-cursor": "^3.1.0",
        "cli-width": "^3.0.0",
        "external-editor": "^3.0.3",
        "figures": "^3.0.0",
        "lodash": "^4.17.19",
        "mute-stream": "0.0.8",
        "run-async": "^2.4.0",
        "rxjs": "^6.6.0",
        "string-width": "^4.1.0",
        "strip-ansi": "^6.0.0",
        "through": "^2.3.6"
      },
      "dependencies": {
        "ansi-escapes": {
          "version": "4.3.1",
          "resolved": "https://registry.npmjs.org/ansi-escapes/-/ansi-escapes-4.3.1.tgz",
          "integrity": "sha512-JWF7ocqNrp8u9oqpgV+wH5ftbt+cfvv+PTjOvKLT3AdYly/LmORARfEVT1iyjwN+4MqE5UmVKoAdIBqeoCHgLA==",
          "requires": {
            "type-fest": "^0.11.0"
          }
        },
        "chalk": {
          "version": "4.1.0",
          "resolved": "https://registry.npmjs.org/chalk/-/chalk-4.1.0.tgz",
          "integrity": "sha512-qwx12AxXe2Q5xQ43Ac//I6v5aXTipYrSESdOgzrN+9XjgEpyjpKuvSGaN4qE93f7TQTlerQQ8S+EQ0EyDoVL1A==",
          "requires": {
            "ansi-styles": "^4.1.0",
            "supports-color": "^7.1.0"
          }
        },
        "cli-cursor": {
          "version": "3.1.0",
          "resolved": "https://registry.npmjs.org/cli-cursor/-/cli-cursor-3.1.0.tgz",
          "integrity": "sha512-I/zHAwsKf9FqGoXM4WWRACob9+SNukZTd94DWF57E4toouRulbCxcUh6RKUEOQlYTHJnzkPMySvPNaaSLNfLZw==",
          "requires": {
            "restore-cursor": "^3.1.0"
          }
        },
        "mimic-fn": {
          "version": "2.1.0",
          "resolved": "https://registry.npmjs.org/mimic-fn/-/mimic-fn-2.1.0.tgz",
          "integrity": "sha512-OqbOk5oEQeAZ8WXWydlu9HJjz9WVdEIvamMCcXmuqUYjTknH/sqsWvhQ3vgwKFRR1HpjvNBKQ37nbJgYzGqGcg=="
        },
        "onetime": {
          "version": "5.1.2",
          "resolved": "https://registry.npmjs.org/onetime/-/onetime-5.1.2.tgz",
          "integrity": "sha512-kbpaSSGJTWdAY5KPVeMOKXSrPtr8C8C7wodJbcsd51jRnmD+GZu8Y0VoU6Dm5Z4vWr0Ig/1NKuWRKf7j5aaYSg==",
          "requires": {
            "mimic-fn": "^2.1.0"
          }
        },
        "restore-cursor": {
          "version": "3.1.0",
          "resolved": "https://registry.npmjs.org/restore-cursor/-/restore-cursor-3.1.0.tgz",
          "integrity": "sha512-l+sSefzHpj5qimhFSE5a8nufZYAM3sBSVMAPtYkmC+4EH2anSGaEMXSD0izRQbu9nfyQ9y5JrVmp7E8oZrUjvA==",
          "requires": {
            "onetime": "^5.1.0",
            "signal-exit": "^3.0.2"
          }
        }
      }
    },
    "ionic": {
      "version": "5.4.16",
      "resolved": "https://registry.npmjs.org/ionic/-/ionic-5.4.16.tgz",
      "integrity": "sha512-MlHmcctGxxUdvjKJGDUQOZEJMMTrZk3ZtC0tkMUy/im53c0giZrKQtkBKXOLK6uYXBnhlOXn0jrs97PnfNadyg==",
      "requires": {
        "@ionic/cli-framework": "3.0.6",
        "@ionic/cli-framework-prompts": "1.0.4",
        "@ionic/discover": "2.0.8",
        "@ionic/utils-array": "1.2.2",
        "@ionic/utils-fs": "2.0.9",
        "@ionic/utils-network": "1.0.6",
        "@ionic/utils-process": "1.0.9",
        "@ionic/utils-stream": "2.0.5",
        "@ionic/utils-subprocess": "1.0.13",
        "@ionic/utils-terminal": "1.1.2",
        "chalk": "^3.0.0",
        "debug": "^4.0.0",
        "diff": "^4.0.1",
        "elementtree": "^0.1.7",
        "leek": "0.0.24",
        "lodash": "^4.17.5",
        "open": "^7.0.0",
        "os-name": "^3.1.0",
        "semver": "^6.0.0",
        "split2": "^3.0.0",
        "ssh-config": "^1.1.1",
        "stream-combiner2": "^1.1.1",
        "superagent": "^4.1.0",
        "superagent-proxy": "^2.0.0",
        "tar": "^4.3.0",
        "through2": "^3.0.0",
        "tslib": "^1.9.0",
        "uuid": "^3.2.1"
      }
    },
    "ip": {
      "version": "1.1.5",
      "resolved": "https://registry.npmjs.org/ip/-/ip-1.1.5.tgz",
      "integrity": "sha1-vd7XARQpCCjAoDnnLvJfWq7ENUo="
    },
    "is-docker": {
      "version": "2.1.1",
      "resolved": "https://registry.npmjs.org/is-docker/-/is-docker-2.1.1.tgz",
      "integrity": "sha512-ZOoqiXfEwtGknTiuDEy8pN2CfE3TxMHprvNer1mXiqwkOT77Rw3YVrUQ52EqAOU3QAWDQ+bQdx7HJzrv7LS2Hw=="
    },
    "is-fullwidth-code-point": {
      "version": "2.0.0",
      "resolved": "https://registry.npmjs.org/is-fullwidth-code-point/-/is-fullwidth-code-point-2.0.0.tgz",
      "integrity": "sha1-o7MKXE8ZkYMWeqq5O+764937ZU8="
    },
    "is-stream": {
      "version": "1.1.0",
      "resolved": "https://registry.npmjs.org/is-stream/-/is-stream-1.1.0.tgz",
      "integrity": "sha1-EtSj3U5o4Lec6428hBc66A2RykQ="
    },
    "is-typedarray": {
      "version": "1.0.0",
      "resolved": "https://registry.npmjs.org/is-typedarray/-/is-typedarray-1.0.0.tgz",
      "integrity": "sha1-5HnICFjfDBsR3dppQPlgEfzaSpo="
    },
    "is-wsl": {
      "version": "2.2.0",
      "resolved": "https://registry.npmjs.org/is-wsl/-/is-wsl-2.2.0.tgz",
      "integrity": "sha512-fKzAra0rGJUUBwGBgNkHZuToZcn+TtXHpeCgmkMJMMYx1sQDYaCSyjJBSCa2nH1DGm7s3n1oBnohoVTBaN7Lww==",
      "requires": {
        "is-docker": "^2.0.0"
      }
    },
    "isarray": {
      "version": "1.0.0",
      "resolved": "https://registry.npmjs.org/isarray/-/isarray-1.0.0.tgz",
      "integrity": "sha1-u5NdSFgsuhaMBoNJV6VKPgcSTxE="
    },
    "isexe": {
      "version": "2.0.0",
      "resolved": "https://registry.npmjs.org/isexe/-/isexe-2.0.0.tgz",
      "integrity": "sha1-6PvzdNxVb/iUehDcsFctYz8s+hA="
    },
    "jsonfile": {
      "version": "4.0.0",
      "resolved": "https://registry.npmjs.org/jsonfile/-/jsonfile-4.0.0.tgz",
      "integrity": "sha1-h3Gq4HmbZAdrdmQPygWPnBDjPss=",
      "requires": {
        "graceful-fs": "^4.1.6"
      }
    },
    "leek": {
      "version": "0.0.24",
      "resolved": "https://registry.npmjs.org/leek/-/leek-0.0.24.tgz",
      "integrity": "sha1-5ADlfw5g2O8r1NBo3EKKVDRdvNo=",
      "requires": {
        "debug": "^2.1.0",
        "lodash.assign": "^3.2.0",
        "rsvp": "^3.0.21"
      },
      "dependencies": {
        "debug": {
          "version": "2.6.9",
          "resolved": "https://registry.npmjs.org/debug/-/debug-2.6.9.tgz",
          "integrity": "sha512-bC7ElrdJaJnPbAP+1EotYvqZsb3ecl5wi6Bfi6BJTUcNowp6cvspg0jXznRTKDjm/E7AdgFBVeAPVMNcKGsHMA==",
          "requires": {
            "ms": "2.0.0"
          }
        },
        "ms": {
          "version": "2.0.0",
          "resolved": "https://registry.npmjs.org/ms/-/ms-2.0.0.tgz",
          "integrity": "sha1-VgiurfwAvmwpAd9fmGF4jeDVl8g="
        }
      }
    },
    "levn": {
      "version": "0.3.0",
      "resolved": "https://registry.npmjs.org/levn/-/levn-0.3.0.tgz",
      "integrity": "sha1-OwmSTt+fCDwEkP3UwLxEIeBHZO4=",
      "requires": {
        "prelude-ls": "~1.1.2",
        "type-check": "~0.3.2"
      }
    },
    "lodash": {
      "version": "4.17.20",
      "resolved": "https://registry.npmjs.org/lodash/-/lodash-4.17.20.tgz",
      "integrity": "sha512-PlhdFcillOINfeV7Ni6oF1TAEayyZBoZ8bcshTHqOYJYlrqzRK5hagpagky5o4HfCzzd1TRkXPMFq6cKk9rGmA=="
    },
    "lodash._baseassign": {
      "version": "3.2.0",
      "resolved": "https://registry.npmjs.org/lodash._baseassign/-/lodash._baseassign-3.2.0.tgz",
      "integrity": "sha1-jDigmVAPIVrQnlnxci/QxSv+Ck4=",
      "requires": {
        "lodash._basecopy": "^3.0.0",
        "lodash.keys": "^3.0.0"
      }
    },
    "lodash._basecopy": {
      "version": "3.0.1",
      "resolved": "https://registry.npmjs.org/lodash._basecopy/-/lodash._basecopy-3.0.1.tgz",
      "integrity": "sha1-jaDmqHbPNEwK2KVIghEd08XHyjY="
    },
    "lodash._bindcallback": {
      "version": "3.0.1",
      "resolved": "https://registry.npmjs.org/lodash._bindcallback/-/lodash._bindcallback-3.0.1.tgz",
      "integrity": "sha1-5THCdkTPi1epnhftlbNcdIeJOS4="
    },
    "lodash._createassigner": {
      "version": "3.1.1",
      "resolved": "https://registry.npmjs.org/lodash._createassigner/-/lodash._createassigner-3.1.1.tgz",
      "integrity": "sha1-g4pbri/aymOsIt7o4Z+k5taXCxE=",
      "requires": {
        "lodash._bindcallback": "^3.0.0",
        "lodash._isiterateecall": "^3.0.0",
        "lodash.restparam": "^3.0.0"
      }
    },
    "lodash._getnative": {
      "version": "3.9.1",
      "resolved": "https://registry.npmjs.org/lodash._getnative/-/lodash._getnative-3.9.1.tgz",
      "integrity": "sha1-VwvH3t5G1hzc3mh9ZdPuy6o6r/U="
    },
    "lodash._isiterateecall": {
      "version": "3.0.9",
      "resolved": "https://registry.npmjs.org/lodash._isiterateecall/-/lodash._isiterateecall-3.0.9.tgz",
      "integrity": "sha1-UgOte6Ql+uhCRg5pbbnPPmqsBXw="
    },
    "lodash.assign": {
      "version": "3.2.0",
      "resolved": "https://registry.npmjs.org/lodash.assign/-/lodash.assign-3.2.0.tgz",
      "integrity": "sha1-POnwI0tLIiPilrj6CsH+6OvKZPo=",
      "requires": {
        "lodash._baseassign": "^3.0.0",
        "lodash._createassigner": "^3.0.0",
        "lodash.keys": "^3.0.0"
      }
    },
    "lodash.isarguments": {
      "version": "3.1.0",
      "resolved": "https://registry.npmjs.org/lodash.isarguments/-/lodash.isarguments-3.1.0.tgz",
      "integrity": "sha1-L1c9hcaiQon/AGY7SRwdM4/zRYo="
    },
    "lodash.isarray": {
      "version": "3.0.4",
      "resolved": "https://registry.npmjs.org/lodash.isarray/-/lodash.isarray-3.0.4.tgz",
      "integrity": "sha1-eeTriMNqgSKvhvhEqpvNhRtfu1U="
    },
    "lodash.keys": {
      "version": "3.1.2",
      "resolved": "https://registry.npmjs.org/lodash.keys/-/lodash.keys-3.1.2.tgz",
      "integrity": "sha1-TbwEcrFWvlCgsoaFXRvQsMZWCYo=",
      "requires": {
        "lodash._getnative": "^3.0.0",
        "lodash.isarguments": "^3.0.0",
        "lodash.isarray": "^3.0.0"
      }
    },
    "lodash.restparam": {
      "version": "3.6.1",
      "resolved": "https://registry.npmjs.org/lodash.restparam/-/lodash.restparam-3.6.1.tgz",
      "integrity": "sha1-k2pOMJ7zMKdkXtQUWYbIWuWyCAU="
    },
    "log-update": {
      "version": "3.4.0",
      "resolved": "https://registry.npmjs.org/log-update/-/log-update-3.4.0.tgz",
      "integrity": "sha512-ILKe88NeMt4gmDvk/eb615U/IVn7K9KWGkoYbdatQ69Z65nj1ZzjM6fHXfcs0Uge+e+EGnMW7DY4T9yko8vWFg==",
      "requires": {
        "ansi-escapes": "^3.2.0",
        "cli-cursor": "^2.1.0",
        "wrap-ansi": "^5.0.0"
      },
      "dependencies": {
        "ansi-styles": {
          "version": "3.2.1",
          "resolved": "https://registry.npmjs.org/ansi-styles/-/ansi-styles-3.2.1.tgz",
          "integrity": "sha512-VT0ZI6kZRdTh8YyJw3SMbYm/u+NqfsAxEpWO0Pf9sq8/e94WxxOpPKx9FR1FlyCtOVDNOQ+8ntlqFxiRc+r5qA==",
          "requires": {
            "color-convert": "^1.9.0"
          }
        },
        "color-convert": {
          "version": "1.9.3",
          "resolved": "https://registry.npmjs.org/color-convert/-/color-convert-1.9.3.tgz",
          "integrity": "sha512-QfAUtd+vFdAtFQcC8CCyYt1fYWxSqAiK2cSD6zDB8N3cpsEBAvRxp9zOGg6G/SHHJYAT88/az/IuDGALsNVbGg==",
          "requires": {
            "color-name": "1.1.3"
          }
        },
        "color-name": {
          "version": "1.1.3",
          "resolved": "https://registry.npmjs.org/color-name/-/color-name-1.1.3.tgz",
          "integrity": "sha1-p9BVi9icQveV3UIyj3QIMcpTvCU="
        },
        "string-width": {
          "version": "3.1.0",
          "resolved": "https://registry.npmjs.org/string-width/-/string-width-3.1.0.tgz",
          "integrity": "sha512-vafcv6KjVZKSgz06oM/H6GDBrAtz8vdhQakGjFIvNrHA6y3HCF1CInLy+QLq8dTJPQ1b+KDUqDFctkdRW44e1w==",
          "requires": {
            "emoji-regex": "^7.0.1",
            "is-fullwidth-code-point": "^2.0.0",
            "strip-ansi": "^5.1.0"
          }
        },
        "strip-ansi": {
          "version": "5.2.0",
          "resolved": "https://registry.npmjs.org/strip-ansi/-/strip-ansi-5.2.0.tgz",
          "integrity": "sha512-DuRs1gKbBqsMKIZlrffwlug8MHkcnpjs5VPmL1PAh+mA30U0DTotfDZ0d2UUsXpPmPmMMJ6W773MaA3J+lbiWA==",
          "requires": {
            "ansi-regex": "^4.1.0"
          }
        },
        "wrap-ansi": {
          "version": "5.1.0",
          "resolved": "https://registry.npmjs.org/wrap-ansi/-/wrap-ansi-5.1.0.tgz",
          "integrity": "sha512-QC1/iN/2/RPVJ5jYK8BGttj5z83LmSKmvbvrXPNCLZSEb32KKVDJDl/MOt2N01qU2H/FkzEa9PKto1BqDjtd7Q==",
          "requires": {
            "ansi-styles": "^3.2.0",
            "string-width": "^3.0.0",
            "strip-ansi": "^5.0.0"
          }
        }
      }
    },
    "lru-cache": {
      "version": "5.1.1",
      "resolved": "https://registry.npmjs.org/lru-cache/-/lru-cache-5.1.1.tgz",
      "integrity": "sha512-KpNARQA3Iwv+jTA0utUVVbrh+Jlrr1Fv0e56GGzAFOXN7dk/FviaDW8LHmK52DlcH4WP2n6gI8vN1aesBFgo9w==",
      "requires": {
        "yallist": "^3.0.2"
      }
    },
    "macos-release": {
      "version": "2.4.1",
      "resolved": "https://registry.npmjs.org/macos-release/-/macos-release-2.4.1.tgz",
      "integrity": "sha512-H/QHeBIN1fIGJX517pvK8IEK53yQOW7YcEI55oYtgjDdoCQQz7eJS94qt5kNrscReEyuD/JcdFCm2XBEcGOITg=="
    },
    "methods": {
      "version": "1.1.2",
      "resolved": "https://registry.npmjs.org/methods/-/methods-1.1.2.tgz",
      "integrity": "sha1-VSmk1nZUE07cxSZmVoNbD4Ua/O4="
    },
    "mime": {
      "version": "2.4.6",
      "resolved": "https://registry.npmjs.org/mime/-/mime-2.4.6.tgz",
      "integrity": "sha512-RZKhC3EmpBchfTGBVb8fb+RL2cWyw/32lshnsETttkBAyAUXSGHxbEJWWRXc751DrIxG1q04b8QwMbAwkRPpUA=="
    },
    "mime-db": {
      "version": "1.44.0",
      "resolved": "https://registry.npmjs.org/mime-db/-/mime-db-1.44.0.tgz",
      "integrity": "sha512-/NOTfLrsPBVeH7YtFPgsVWveuL+4SjjYxaQ1xtM1KMFj7HdxlBlxeyNLzhyJVx7r4rZGJAZ/6lkKCitSc/Nmpg=="
    },
    "mime-types": {
      "version": "2.1.27",
      "resolved": "https://registry.npmjs.org/mime-types/-/mime-types-2.1.27.tgz",
      "integrity": "sha512-JIhqnCasI9yD+SsmkquHBxTSEuZdQX5BuQnS2Vc7puQQQ+8yiP5AY5uWhpdv4YL4VM5c6iliiYWPgJ/nJQLp7w==",
      "requires": {
        "mime-db": "1.44.0"
      }
    },
    "mimic-fn": {
      "version": "1.2.0",
      "resolved": "https://registry.npmjs.org/mimic-fn/-/mimic-fn-1.2.0.tgz",
      "integrity": "sha512-jf84uxzwiuiIVKiOLpfYk7N46TSy8ubTonmneY9vrpHNAnp0QBt2BxWV9dO3/j+BoVAb+a5G6YDPW3M5HOdMWQ=="
    },
    "minimatch": {
      "version": "3.0.4",
      "resolved": "https://registry.npmjs.org/minimatch/-/minimatch-3.0.4.tgz",
      "integrity": "sha512-yJHVQEhyqPLUTgt9B83PXu6W3rx4MvvHvSUvToogpwoGDOUQ+yDrR0HRot+yOCdCO7u4hX3pWft6kWBBcqh0UA==",
      "requires": {
        "brace-expansion": "^1.1.7"
      }
    },
    "minimist": {
      "version": "1.2.5",
      "resolved": "https://registry.npmjs.org/minimist/-/minimist-1.2.5.tgz",
      "integrity": "sha512-FM9nNUYrRBAELZQT3xeZQ7fmMOBg6nWNmJKTcgsJeaLstP/UODVpGsr5OhXhhXg6f+qtJ8uiZ+PUxkDWcgIXLw=="
    },
    "minipass": {
      "version": "2.9.0",
      "resolved": "https://registry.npmjs.org/minipass/-/minipass-2.9.0.tgz",
      "integrity": "sha512-wxfUjg9WebH+CUDX/CdbRlh5SmfZiy/hpkxaRI16Y9W56Pa75sWgd/rvFilSgrauD9NyFymP/+JFV3KwzIsJeg==",
      "requires": {
        "safe-buffer": "^5.1.2",
        "yallist": "^3.0.0"
      }
    },
    "minizlib": {
      "version": "1.3.3",
      "resolved": "https://registry.npmjs.org/minizlib/-/minizlib-1.3.3.tgz",
      "integrity": "sha512-6ZYMOEnmVsdCeTJVE0W9ZD+pVnE8h9Hma/iOwwRDsdQoePpoX56/8B6z3P9VNwppJuBKNRuFDRNRqRWexT9G9Q==",
      "requires": {
        "minipass": "^2.9.0"
      }
    },
    "mkdirp": {
      "version": "0.5.5",
      "resolved": "https://registry.npmjs.org/mkdirp/-/mkdirp-0.5.5.tgz",
      "integrity": "sha512-NKmAlESf6jMGym1++R0Ra7wvhV+wFW63FaSOFPwRahvea0gMUcGUhVeAg/0BC0wiv9ih5NYPB1Wn1UEI1/L+xQ==",
      "requires": {
        "minimist": "^1.2.5"
      }
    },
    "ms": {
      "version": "2.1.2",
      "resolved": "https://registry.npmjs.org/ms/-/ms-2.1.2.tgz",
      "integrity": "sha512-sGkPx+VjMtmA6MX27oA4FBFELFCZZ4S4XqeGOXCv68tT+jb3vk/RyaKWP0PTKyWtmLSM0b+adUTEvbs1PEaH2w=="
    },
    "mute-stream": {
      "version": "0.0.8",
      "resolved": "https://registry.npmjs.org/mute-stream/-/mute-stream-0.0.8.tgz",
      "integrity": "sha512-nnbWWOkoWyUsTjKrhgD0dcz22mdkSnpYqbEjIm2nhwhuxlSkpywJmBo8h0ZqJdkp73mb90SssHkN4rsRaBAfAA=="
    },
    "netmask": {
      "version": "1.0.6",
      "resolved": "https://registry.npmjs.org/netmask/-/netmask-1.0.6.tgz",
      "integrity": "sha1-ICl+idhvb2QA8lDZ9Pa0wZRfzTU="
    },
    "nice-try": {
      "version": "1.0.5",
      "resolved": "https://registry.npmjs.org/nice-try/-/nice-try-1.0.5.tgz",
      "integrity": "sha512-1nh45deeb5olNY7eX82BkPO7SSxR5SSYJiPTrTdFUVYwAl8CKMA5N9PjTYkHiRjisVcxcQ1HXdLhx2qxxJzLNQ=="
    },
    "npm-run-path": {
      "version": "2.0.2",
      "resolved": "https://registry.npmjs.org/npm-run-path/-/npm-run-path-2.0.2.tgz",
      "integrity": "sha1-NakjLfo11wZ7TLLd8jV7GHFTbF8=",
      "requires": {
        "path-key": "^2.0.0"
      },
      "dependencies": {
        "path-key": {
          "version": "2.0.1",
          "resolved": "https://registry.npmjs.org/path-key/-/path-key-2.0.1.tgz",
          "integrity": "sha1-QRyttXTFoUDTpLGRDUDYDMn0C0A="
        }
      }
    },
    "once": {
      "version": "1.4.0",
      "resolved": "https://registry.npmjs.org/once/-/once-1.4.0.tgz",
      "integrity": "sha1-WDsap3WWHUsROsF9nFC6753Xa9E=",
      "requires": {
        "wrappy": "1"
      }
    },
    "onetime": {
      "version": "2.0.1",
      "resolved": "https://registry.npmjs.org/onetime/-/onetime-2.0.1.tgz",
      "integrity": "sha1-BnQoIw/WdEOyeUsiu6UotoZ5YtQ=",
      "requires": {
        "mimic-fn": "^1.0.0"
      }
    },
    "open": {
      "version": "7.3.0",
      "resolved": "https://registry.npmjs.org/open/-/open-7.3.0.tgz",
      "integrity": "sha512-mgLwQIx2F/ye9SmbrUkurZCnkoXyXyu9EbHtJZrICjVAJfyMArdHp3KkixGdZx1ZHFPNIwl0DDM1dFFqXbTLZw==",
      "requires": {
        "is-docker": "^2.0.0",
        "is-wsl": "^2.1.1"
      }
    },
    "optionator": {
      "version": "0.8.3",
      "resolved": "https://registry.npmjs.org/optionator/-/optionator-0.8.3.tgz",
      "integrity": "sha512-+IW9pACdk3XWmmTXG8m3upGUJst5XRGzxMRjXzAuJ1XnIFNvfhjjIuYkDvysnPQ7qzqVzLt78BCruntqRhWQbA==",
      "requires": {
        "deep-is": "~0.1.3",
        "fast-levenshtein": "~2.0.6",
        "levn": "~0.3.0",
        "prelude-ls": "~1.1.2",
        "type-check": "~0.3.2",
        "word-wrap": "~1.2.3"
      }
    },
    "os-name": {
      "version": "3.1.0",
      "resolved": "https://registry.npmjs.org/os-name/-/os-name-3.1.0.tgz",
      "integrity": "sha512-h8L+8aNjNcMpo/mAIBPn5PXCM16iyPGjHNWo6U1YO8sJTMHtEtyczI6QJnLoplswm6goopQkqc7OAnjhWcugVg==",
      "requires": {
        "macos-release": "^2.2.0",
        "windows-release": "^3.1.0"
      }
    },
    "os-tmpdir": {
      "version": "1.0.2",
      "resolved": "https://registry.npmjs.org/os-tmpdir/-/os-tmpdir-1.0.2.tgz",
      "integrity": "sha1-u+Z0BseaqFxc/sdm/lc0VV36EnQ="
    },
    "p-finally": {
      "version": "1.0.0",
      "resolved": "https://registry.npmjs.org/p-finally/-/p-finally-1.0.0.tgz",
      "integrity": "sha1-P7z7FbiZpEEjs0ttzBi3JDNqLK4="
    },
    "pac-proxy-agent": {
      "version": "4.1.0",
      "resolved": "https://registry.npmjs.org/pac-proxy-agent/-/pac-proxy-agent-4.1.0.tgz",
      "integrity": "sha512-ejNgYm2HTXSIYX9eFlkvqFp8hyJ374uDf0Zq5YUAifiSh1D6fo+iBivQZirGvVv8dCYUsLhmLBRhlAYvBKI5+Q==",
      "requires": {
        "@tootallnate/once": "1",
        "agent-base": "6",
        "debug": "4",
        "get-uri": "3",
        "http-proxy-agent": "^4.0.1",
        "https-proxy-agent": "5",
        "pac-resolver": "^4.1.0",
        "raw-body": "^2.2.0",
        "socks-proxy-agent": "5"
      }
    },
    "pac-resolver": {
      "version": "4.1.0",
      "resolved": "https://registry.npmjs.org/pac-resolver/-/pac-resolver-4.1.0.tgz",
      "integrity": "sha512-d6lf2IrZJJ7ooVHr7BfwSjRO1yKSJMaiiWYSHcrxSIUtZrCa4KKGwcztdkZ/E9LFleJfjoi1yl+XLR7AX24nbQ==",
      "requires": {
        "degenerator": "^2.2.0",
        "ip": "^1.1.5",
        "netmask": "^1.0.6"
      }
    },
    "path-is-absolute": {
      "version": "1.0.1",
      "resolved": "https://registry.npmjs.org/path-is-absolute/-/path-is-absolute-1.0.1.tgz",
      "integrity": "sha1-F0uSaHNVNP+8es5r9TpanhtcX18="
    },
    "path-key": {
      "version": "3.1.1",
      "resolved": "https://registry.npmjs.org/path-key/-/path-key-3.1.1.tgz",
      "integrity": "sha512-ojmeN0qd+y0jszEtoY48r0Peq5dwMEkIlCOu6Q5f41lfkswXuKtYrhgoTpLnyIcHm24Uhqx+5Tqm2InSwLhE6Q=="
    },
    "prelude-ls": {
      "version": "1.1.2",
      "resolved": "https://registry.npmjs.org/prelude-ls/-/prelude-ls-1.1.2.tgz",
      "integrity": "sha1-IZMqVJ9eUv/ZqCf1cOBL5iqX2lQ="
    },
    "process-nextick-args": {
      "version": "2.0.1",
      "resolved": "https://registry.npmjs.org/process-nextick-args/-/process-nextick-args-2.0.1.tgz",
      "integrity": "sha512-3ouUOpQhtgrbOa17J7+uxOTpITYWaGP7/AhoR3+A+/1e9skrzelGi/dXzEYyvbxubEF6Wn2ypscTKiKJFFn1ag=="
    },
    "proxy-agent": {
      "version": "4.0.0",
      "resolved": "https://registry.npmjs.org/proxy-agent/-/proxy-agent-4.0.0.tgz",
      "integrity": "sha512-8P0Y2SkwvKjiGU1IkEfYuTteioMIDFxPL4/j49zzt5Mz3pG1KO+mIrDG1qH0PQUHTTczjwGcYl+EzfXiFj5vUQ==",
      "requires": {
        "agent-base": "^6.0.0",
        "debug": "4",
        "http-proxy-agent": "^4.0.0",
        "https-proxy-agent": "^5.0.0",
        "lru-cache": "^5.1.1",
        "pac-proxy-agent": "^4.1.0",
        "proxy-from-env": "^1.0.0",
        "socks-proxy-agent": "^5.0.0"
      }
    },
    "proxy-from-env": {
      "version": "1.1.0",
      "resolved": "https://registry.npmjs.org/proxy-from-env/-/proxy-from-env-1.1.0.tgz",
      "integrity": "sha512-D+zkORCbA9f1tdWRK0RaCR3GPv50cMxcrz4X8k5LTSUD1Dkw47mKJEZQNunItRTkWwgtaUSo1RVFRIG9ZXiFYg=="
    },
    "pump": {
      "version": "3.0.0",
      "resolved": "https://registry.npmjs.org/pump/-/pump-3.0.0.tgz",
      "integrity": "sha512-LwZy+p3SFs1Pytd/jYct4wpv49HiYCqd9Rlc5ZVdk0V+8Yzv6jR5Blk3TRmPL1ft69TxP0IMZGJ+WPFU2BFhww==",
      "requires": {
        "end-of-stream": "^1.1.0",
        "once": "^1.3.1"
      }
    },
    "qs": {
      "version": "6.9.4",
      "resolved": "https://registry.npmjs.org/qs/-/qs-6.9.4.tgz",
      "integrity": "sha512-A1kFqHekCTM7cz0udomYUoYNWjBebHm/5wzU/XqrBRBNWectVH0QIiN+NEcZ0Dte5hvzHwbr8+XQmguPhJ6WdQ=="
    },
    "raw-body": {
      "version": "2.4.1",
      "resolved": "https://registry.npmjs.org/raw-body/-/raw-body-2.4.1.tgz",
      "integrity": "sha512-9WmIKF6mkvA0SLmA2Knm9+qj89e+j1zqgyn8aXGd7+nAduPoqgI9lO57SAZNn/Byzo5P7JhXTyg9PzaJbH73bA==",
      "requires": {
        "bytes": "3.1.0",
        "http-errors": "1.7.3",
        "iconv-lite": "0.4.24",
        "unpipe": "1.0.0"
      }
    },
    "readable-stream": {
      "version": "3.6.0",
      "resolved": "https://registry.npmjs.org/readable-stream/-/readable-stream-3.6.0.tgz",
      "integrity": "sha512-BViHy7LKeTz4oNnkcLJ+lVSL6vpiFeX6/d3oSH8zCW7UxP2onchk+vTGB143xuFjHS3deTgkKoXXymXqymiIdA==",
      "requires": {
        "inherits": "^2.0.3",
        "string_decoder": "^1.1.1",
        "util-deprecate": "^1.0.1"
      }
    },
    "restore-cursor": {
      "version": "2.0.0",
      "resolved": "https://registry.npmjs.org/restore-cursor/-/restore-cursor-2.0.0.tgz",
      "integrity": "sha1-n37ih/gv0ybU/RYpI9YhKe7g368=",
      "requires": {
        "onetime": "^2.0.0",
        "signal-exit": "^3.0.2"
      }
    },
    "rimraf": {
      "version": "3.0.2",
      "resolved": "https://registry.npmjs.org/rimraf/-/rimraf-3.0.2.tgz",
      "integrity": "sha512-JZkJMZkAGFFPP2YqXZXPbMlMBgsxzE8ILs4lMIX/2o0L9UBw9O/Y3o6wFw/i9YLapcUJWwqbi3kdxIPdC62TIA==",
      "requires": {
        "glob": "^7.1.3"
      }
    },
    "rsvp": {
      "version": "3.6.2",
      "resolved": "https://registry.npmjs.org/rsvp/-/rsvp-3.6.2.tgz",
      "integrity": "sha512-OfWGQTb9vnwRjwtA2QwpG2ICclHC3pgXZO5xt8H2EfgDquO0qVdSb5T88L4qJVAEugbS56pAuV4XZM58UX8ulw=="
    },
    "run-async": {
      "version": "2.4.1",
      "resolved": "https://registry.npmjs.org/run-async/-/run-async-2.4.1.tgz",
      "integrity": "sha512-tvVnVv01b8c1RrA6Ep7JkStj85Guv/YrMcwqYQnwjsAS2cTmmPGBBjAjpCW7RrSodNSoE2/qg9O4bceNvUuDgQ=="
    },
    "rxjs": {
      "version": "6.6.3",
      "resolved": "https://registry.npmjs.org/rxjs/-/rxjs-6.6.3.tgz",
      "integrity": "sha512-trsQc+xYYXZ3urjOiJOuCOa5N3jAZ3eiSpQB5hIT8zGlL2QfnHLJ2r7GMkBGuIausdJN1OneaI6gQlsqNHHmZQ==",
      "requires": {
        "tslib": "^1.9.0"
      }
    },
    "safe-buffer": {
      "version": "5.2.1",
      "resolved": "https://registry.npmjs.org/safe-buffer/-/safe-buffer-5.2.1.tgz",
      "integrity": "sha512-rp3So07KcdmmKbGvgaNxQSJr7bGVSVk5S9Eq1F+ppbRo70+YeaDxkw5Dd8NPN+GD6bjnYm2VuPuCXmpuYvmCXQ=="
    },
    "safer-buffer": {
      "version": "2.1.2",
      "resolved": "https://registry.npmjs.org/safer-buffer/-/safer-buffer-2.1.2.tgz",
      "integrity": "sha512-YZo3K82SD7Riyi0E1EQPojLz7kpepnSQI9IyPbHHg1XXXevb5dJI7tpyN2ADxGcQbHG7vcyRHk0cbwqcQriUtg=="
    },
    "sax": {
      "version": "1.1.4",
      "resolved": "https://registry.npmjs.org/sax/-/sax-1.1.4.tgz",
      "integrity": "sha1-dLbTPJrh4AFRDxeakRaFiPGu2qk="
    },
    "semver": {
      "version": "6.3.0",
      "resolved": "https://registry.npmjs.org/semver/-/semver-6.3.0.tgz",
      "integrity": "sha512-b39TBaTSfV6yBrapU89p5fKekE2m/NwnDocOVruQFS1/veMgdzuPcnOM34M6CwxW8jH/lxEa5rBoDeUwu5HHTw=="
    },
    "setprototypeof": {
      "version": "1.1.1",
      "resolved": "https://registry.npmjs.org/setprototypeof/-/setprototypeof-1.1.1.tgz",
      "integrity": "sha512-JvdAWfbXeIGaZ9cILp38HntZSFSo3mWg6xGcJJsd+d4aRMOqauag1C63dJfDw7OaMYwEbHMOxEZ1lqVRYP2OAw=="
    },
    "shebang-command": {
      "version": "2.0.0",
      "resolved": "https://registry.npmjs.org/shebang-command/-/shebang-command-2.0.0.tgz",
      "integrity": "sha512-kHxr2zZpYtdmrN1qDjrrX/Z1rR1kG8Dx+gkpK1G4eXmvXswmcE1hTWBWYUzlraYw1/yZp6YuDY77YtvbN0dmDA==",
      "requires": {
        "shebang-regex": "^3.0.0"
      }
    },
    "shebang-regex": {
      "version": "3.0.0",
      "resolved": "https://registry.npmjs.org/shebang-regex/-/shebang-regex-3.0.0.tgz",
      "integrity": "sha512-7++dFhtcx3353uBaq8DDR4NuxBetBzC7ZQOhmTQInHEd6bSrXdiEyzCvG07Z44UYdLShWUyXt5M/yhz8ekcb1A=="
    },
    "signal-exit": {
      "version": "3.0.3",
      "resolved": "https://registry.npmjs.org/signal-exit/-/signal-exit-3.0.3.tgz",
      "integrity": "sha512-VUJ49FC8U1OxwZLxIbTTrDvLnf/6TDgxZcK8wxR8zs13xpx7xbG60ndBlhNrFi2EMuFRoeDoJO7wthSLq42EjA=="
    },
    "slice-ansi": {
      "version": "3.0.0",
      "resolved": "https://registry.npmjs.org/slice-ansi/-/slice-ansi-3.0.0.tgz",
      "integrity": "sha512-pSyv7bSTC7ig9Dcgbw9AuRNUb5k5V6oDudjZoMBSr13qpLBG7tB+zgCkARjq7xIUgdz5P1Qe8u+rSGdouOOIyQ==",
      "requires": {
        "ansi-styles": "^4.0.0",
        "astral-regex": "^2.0.0",
        "is-fullwidth-code-point": "^3.0.0"
      },
      "dependencies": {
        "is-fullwidth-code-point": {
          "version": "3.0.0",
          "resolved": "https://registry.npmjs.org/is-fullwidth-code-point/-/is-fullwidth-code-point-3.0.0.tgz",
          "integrity": "sha512-zymm5+u+sCsSWyD9qNaejV3DFvhCKclKdizYaJUuHA83RLjb7nSuGnddCHGv0hk+KY7BMAlsWeK4Ueg6EV6XQg=="
        }
      }
    },
    "smart-buffer": {
      "version": "4.1.0",
      "resolved": "https://registry.npmjs.org/smart-buffer/-/smart-buffer-4.1.0.tgz",
      "integrity": "sha512-iVICrxOzCynf/SNaBQCw34eM9jROU/s5rzIhpOvzhzuYHfJR/DhZfDkXiZSgKXfgv26HT3Yni3AV/DGw0cGnnw=="
    },
    "socks": {
      "version": "2.5.0",
      "resolved": "https://registry.npmjs.org/socks/-/socks-2.5.0.tgz",
      "integrity": "sha512-00OqQHp5SCbwm9ecOMJj9aQtMSjwi1uVuGQoxnpKCS50VKZcOZ8z11CTKypmR8sEy7nZimy/qXY7rYJYbRlXmA==",
      "requires": {
        "ip": "^1.1.5",
        "smart-buffer": "^4.1.0"
      }
    },
    "socks-proxy-agent": {
      "version": "5.0.0",
      "resolved": "https://registry.npmjs.org/socks-proxy-agent/-/socks-proxy-agent-5.0.0.tgz",
      "integrity": "sha512-lEpa1zsWCChxiynk+lCycKuC502RxDWLKJZoIhnxrWNjLSDGYRFflHA1/228VkRcnv9TIb8w98derGbpKxJRgA==",
      "requires": {
        "agent-base": "6",
        "debug": "4",
        "socks": "^2.3.3"
      }
    },
    "source-map": {
      "version": "0.6.1",
      "resolved": "https://registry.npmjs.org/source-map/-/source-map-0.6.1.tgz",
      "integrity": "sha512-UjgapumWlbMhkBgzT7Ykc5YXUT46F0iKu8SGXq0bcwP5dz/h0Plj6enJqjz1Zbq2l5WaqYnrVbwWOWMyF3F47g==",
      "optional": true
    },
    "split2": {
      "version": "3.2.2",
      "resolved": "https://registry.npmjs.org/split2/-/split2-3.2.2.tgz",
      "integrity": "sha512-9NThjpgZnifTkJpzTZ7Eue85S49QwpNhZTq6GRJwObb6jnLFNGB7Qm73V5HewTROPyxD0C29xqmaI68bQtV+hg==",
      "requires": {
        "readable-stream": "^3.0.0"
      }
    },
    "ssh-config": {
      "version": "1.1.6",
      "resolved": "https://registry.npmjs.org/ssh-config/-/ssh-config-1.1.6.tgz",
      "integrity": "sha512-ZPO9rECxzs5JIQ6G/2EfL1I9ho/BVZkx9HRKn8+0af7QgwAmumQ7XBFP1ggMyPMo+/tUbmv0HFdv4qifdO/9JA=="
    },
    "statuses": {
      "version": "1.5.0",
      "resolved": "https://registry.npmjs.org/statuses/-/statuses-1.5.0.tgz",
      "integrity": "sha1-Fhx9rBd2Wf2YEfQ3cfqZOBR4Yow="
    },
    "stream-combiner2": {
      "version": "1.1.1",
      "resolved": "https://registry.npmjs.org/stream-combiner2/-/stream-combiner2-1.1.1.tgz",
      "integrity": "sha1-+02KFCDqNidk4hrUeAOXvry0HL4=",
      "requires": {
        "duplexer2": "~0.1.0",
        "readable-stream": "^2.0.2"
      },
      "dependencies": {
        "readable-stream": {
          "version": "2.3.7",
          "resolved": "https://registry.npmjs.org/readable-stream/-/readable-stream-2.3.7.tgz",
          "integrity": "sha512-Ebho8K4jIbHAxnuxi7o42OrZgF/ZTNcsZj6nRKyUmkhLFq8CHItp/fy6hQZuZmP/n3yZ9VBUbp4zz/mX8hmYPw==",
          "requires": {
            "core-util-is": "~1.0.0",
            "inherits": "~2.0.3",
            "isarray": "~1.0.0",
            "process-nextick-args": "~2.0.0",
            "safe-buffer": "~5.1.1",
            "string_decoder": "~1.1.1",
            "util-deprecate": "~1.0.1"
          }
        },
        "safe-buffer": {
          "version": "5.1.2",
          "resolved": "https://registry.npmjs.org/safe-buffer/-/safe-buffer-5.1.2.tgz",
          "integrity": "sha512-Gd2UZBJDkXlY7GbJxfsE8/nvKkUEU1G38c1siN6QP6a9PT9MmHB8GnpscSmMJSoF8LOIrt8ud/wPtojys4G6+g=="
        },
        "string_decoder": {
          "version": "1.1.1",
          "resolved": "https://registry.npmjs.org/string_decoder/-/string_decoder-1.1.1.tgz",
          "integrity": "sha512-n/ShnvDi6FHbbVfviro+WojiFzv+s8MPMHBczVePfUpDJLwoLT0ht1l4YwBCbi8pJAveEEdnkHyPyTP/mzRfwg==",
          "requires": {
            "safe-buffer": "~5.1.0"
          }
        }
      }
    },
    "string-width": {
      "version": "4.2.0",
      "resolved": "https://registry.npmjs.org/string-width/-/string-width-4.2.0.tgz",
      "integrity": "sha512-zUz5JD+tgqtuDjMhwIg5uFVV3dtqZ9yQJlZVfq4I01/K5Paj5UHj7VyrQOJvzawSVlKpObApbfD0Ed6yJc+1eg==",
      "requires": {
        "emoji-regex": "^8.0.0",
        "is-fullwidth-code-point": "^3.0.0",
        "strip-ansi": "^6.0.0"
      },
      "dependencies": {
        "emoji-regex": {
          "version": "8.0.0",
          "resolved": "https://registry.npmjs.org/emoji-regex/-/emoji-regex-8.0.0.tgz",
          "integrity": "sha512-MSjYzcWNOA0ewAHpz0MxpYFvwg6yjy1NG3xteoqz644VCo/RPgnr1/GGt+ic3iJTzQ8Eu3TdM14SawnVUmGE6A=="
        },
        "is-fullwidth-code-point": {
          "version": "3.0.0",
          "resolved": "https://registry.npmjs.org/is-fullwidth-code-point/-/is-fullwidth-code-point-3.0.0.tgz",
          "integrity": "sha512-zymm5+u+sCsSWyD9qNaejV3DFvhCKclKdizYaJUuHA83RLjb7nSuGnddCHGv0hk+KY7BMAlsWeK4Ueg6EV6XQg=="
        }
      }
    },
    "string_decoder": {
      "version": "1.3.0",
      "resolved": "https://registry.npmjs.org/string_decoder/-/string_decoder-1.3.0.tgz",
      "integrity": "sha512-hkRX8U1WjJFd8LsDJ2yQ/wWWxaopEsABU1XfkM8A+j0+85JAGppt16cr1Whg6KIbb4okU6Mql6BOj+uup/wKeA==",
      "requires": {
        "safe-buffer": "~5.2.0"
      }
    },
    "strip-ansi": {
      "version": "6.0.0",
      "resolved": "https://registry.npmjs.org/strip-ansi/-/strip-ansi-6.0.0.tgz",
      "integrity": "sha512-AuvKTrTfQNYNIctbR1K/YGTR1756GycPsg7b9bdV9Duqur4gv6aKqHXah67Z8ImS7WEz5QVcOtlfW2rZEugt6w==",
      "requires": {
        "ansi-regex": "^5.0.0"
      },
      "dependencies": {
        "ansi-regex": {
          "version": "5.0.0",
          "resolved": "https://registry.npmjs.org/ansi-regex/-/ansi-regex-5.0.0.tgz",
          "integrity": "sha512-bY6fj56OUQ0hU1KjFNDQuJFezqKdrAyFdIevADiqrWHwSlbmBNMHp5ak2f40Pm8JTFyM2mqxkG6ngkHO11f/lg=="
        }
      }
    },
    "strip-eof": {
      "version": "1.0.0",
      "resolved": "https://registry.npmjs.org/strip-eof/-/strip-eof-1.0.0.tgz",
      "integrity": "sha1-u0P/VZim6wXYm1n80SnJgzE2Br8="
    },
    "superagent": {
      "version": "4.1.0",
      "resolved": "https://registry.npmjs.org/superagent/-/superagent-4.1.0.tgz",
      "integrity": "sha512-FT3QLMasz0YyCd4uIi5HNe+3t/onxMyEho7C3PSqmti3Twgy2rXT4fmkTz6wRL6bTF4uzPcfkUCa8u4JWHw8Ag==",
      "requires": {
        "component-emitter": "^1.2.0",
        "cookiejar": "^2.1.2",
        "debug": "^4.1.0",
        "form-data": "^2.3.3",
        "formidable": "^1.2.0",
        "methods": "^1.1.1",
        "mime": "^2.4.0",
        "qs": "^6.6.0",
        "readable-stream": "^3.0.6"
      }
    },
    "superagent-proxy": {
      "version": "2.1.0",
      "resolved": "https://registry.npmjs.org/superagent-proxy/-/superagent-proxy-2.1.0.tgz",
      "integrity": "sha512-DnarpKN6Xn8e3pYlFV4Yvsj9yxLY4q5FIsUe5JvN7vjzP+YCfzXv03dTkZSD2yzrSadsNYHf0IgOUJwKjX457A==",
      "requires": {
        "debug": "^3.1.0",
        "proxy-agent": "^4.0.0"
      },
      "dependencies": {
        "debug": {
          "version": "3.2.6",
          "resolved": "https://registry.npmjs.org/debug/-/debug-3.2.6.tgz",
          "integrity": "sha512-mel+jf7nrtEl5Pn1Qx46zARXKDpBbvzezse7p7LqINmdoIk8PYP5SySaxEmYv6TZ0JyEKA1hsCId6DIhgITtWQ==",
          "requires": {
            "ms": "^2.1.1"
          }
        }
      }
    },
    "supports-color": {
      "version": "7.2.0",
      "resolved": "https://registry.npmjs.org/supports-color/-/supports-color-7.2.0.tgz",
      "integrity": "sha512-qpCAvRl9stuOHveKsn7HncJRvv501qIacKzQlO/+Lwxc9+0q2wLyv4Dfvt80/DPn2pqOBsJdDiogXGR9+OvwRw==",
      "requires": {
        "has-flag": "^4.0.0"
      }
    },
    "tar": {
      "version": "4.4.13",
      "resolved": "https://registry.npmjs.org/tar/-/tar-4.4.13.tgz",
      "integrity": "sha512-w2VwSrBoHa5BsSyH+KxEqeQBAllHhccyMFVHtGtdMpF4W7IRWfZjFiQceJPChOeTsSDVUpER2T8FA93pr0L+QA==",
      "requires": {
        "chownr": "^1.1.1",
        "fs-minipass": "^1.2.5",
        "minipass": "^2.8.6",
        "minizlib": "^1.2.1",
        "mkdirp": "^0.5.0",
        "safe-buffer": "^5.1.2",
        "yallist": "^3.0.3"
      }
    },
    "through": {
      "version": "2.3.8",
      "resolved": "https://registry.npmjs.org/through/-/through-2.3.8.tgz",
      "integrity": "sha1-DdTJ/6q8NXlgsbckEV1+Doai4fU="
    },
    "through2": {
      "version": "3.0.2",
      "resolved": "https://registry.npmjs.org/through2/-/through2-3.0.2.tgz",
      "integrity": "sha512-enaDQ4MUyP2W6ZyT6EsMzqBPZaM/avg8iuo+l2d3QCs0J+6RaqkHV/2/lOwDTueBHeJ/2LG9lrLW3d5rWPucuQ==",
      "requires": {
        "inherits": "^2.0.4",
        "readable-stream": "2 || 3"
      }
    },
    "tmp": {
      "version": "0.0.33",
      "resolved": "https://registry.npmjs.org/tmp/-/tmp-0.0.33.tgz",
      "integrity": "sha512-jRCJlojKnZ3addtTOjdIqoRuPEKBvNXcGYqzO6zWZX8KfKEpnGY5jfggJQ3EjKuu8D4bJRr0y+cYJFmYbImXGw==",
      "requires": {
        "os-tmpdir": "~1.0.2"
      }
    },
    "toidentifier": {
      "version": "1.0.0",
      "resolved": "https://registry.npmjs.org/toidentifier/-/toidentifier-1.0.0.tgz",
      "integrity": "sha512-yaOH/Pk/VEhBWWTlhI+qXxDFXlejDGcQipMlyxda9nthulaxLZUNcUqFxokp0vcYnvteJln5FNQDRrxj3YcbVw=="
    },
    "tree-kill": {
      "version": "1.2.2",
      "resolved": "https://registry.npmjs.org/tree-kill/-/tree-kill-1.2.2.tgz",
      "integrity": "sha512-L0Orpi8qGpRG//Nd+H90vFB+3iHnue1zSSGmNOOCh1GLJ7rUKVwV2HvijphGQS2UmhUZewS9VgvxYIdgr+fG1A=="
    },
    "tslib": {
      "version": "1.14.1",
      "resolved": "https://registry.npmjs.org/tslib/-/tslib-1.14.1.tgz",
      "integrity": "sha512-Xni35NKzjgMrwevysHTCArtLDpPvye8zV/0E4EyYn43P7/7qvQwPh9BGkHewbMulVntbigmcT7rdX3BNo9wRJg=="
    },
    "type-check": {
      "version": "0.3.2",
      "resolved": "https://registry.npmjs.org/type-check/-/type-check-0.3.2.tgz",
      "integrity": "sha1-WITKtRLPHTVeP7eE8wgEsrUg23I=",
      "requires": {
        "prelude-ls": "~1.1.2"
      }
    },
    "type-fest": {
      "version": "0.11.0",
      "resolved": "https://registry.npmjs.org/type-fest/-/type-fest-0.11.0.tgz",
      "integrity": "sha512-OdjXJxnCN1AvyLSzeKIgXTXxV+99ZuXl3Hpo9XpJAv9MBcHrrJOQ5kV7ypXOuQie+AmWG25hLbiKdwYTifzcfQ=="
    },
    "typedarray-to-buffer": {
      "version": "3.1.5",
      "resolved": "https://registry.npmjs.org/typedarray-to-buffer/-/typedarray-to-buffer-3.1.5.tgz",
      "integrity": "sha512-zdu8XMNEDepKKR+XYOXAVPtWui0ly0NtohUscw+UmaHiAWT8hrV1rr//H6V+0DvJ3OQ19S979M0laLfX8rm82Q==",
      "requires": {
        "is-typedarray": "^1.0.0"
      }
    },
    "universalify": {
      "version": "0.1.2",
      "resolved": "https://registry.npmjs.org/universalify/-/universalify-0.1.2.tgz",
      "integrity": "sha512-rBJeI5CXAlmy1pV+617WB9J63U6XcazHHF2f2dbJix4XzpUF0RS3Zbj0FGIOCAva5P/d/GBOYaACQ1w+0azUkg=="
    },
    "unpipe": {
      "version": "1.0.0",
      "resolved": "https://registry.npmjs.org/unpipe/-/unpipe-1.0.0.tgz",
      "integrity": "sha1-sr9O6FFKrmFltIF4KdIbLvSZBOw="
    },
    "untildify": {
      "version": "4.0.0",
      "resolved": "https://registry.npmjs.org/untildify/-/untildify-4.0.0.tgz",
      "integrity": "sha512-KK8xQ1mkzZeg9inewmFVDNkg3l5LUhoq9kN6iWYB/CC9YMG8HA+c1Q8HwDe6dEX7kErrEVNVBO3fWsVq5iDgtw=="
    },
    "util-deprecate": {
      "version": "1.0.2",
      "resolved": "https://registry.npmjs.org/util-deprecate/-/util-deprecate-1.0.2.tgz",
      "integrity": "sha1-RQ1Nyfpw3nMnYvvS1KKJgUGaDM8="
    },
    "uuid": {
      "version": "3.4.0",
      "resolved": "https://registry.npmjs.org/uuid/-/uuid-3.4.0.tgz",
      "integrity": "sha512-HjSDRw6gZE5JMggctHBcjVak08+KEVhSIiDzFnT9S9aegmp85S/bReBVTb4QTFaRNptJ9kuYaNhnbNEOkbKb/A=="
    },
    "which": {
      "version": "2.0.2",
      "resolved": "https://registry.npmjs.org/which/-/which-2.0.2.tgz",
      "integrity": "sha512-BLI3Tl1TW3Pvl70l3yq3Y64i+awpwXqsGBYWkkqMtnbXgrMD+yj7rhW0kuEDxzJaYXGjEW5ogapKNMEKNMjibA==",
      "requires": {
        "isexe": "^2.0.0"
      }
    },
    "windows-release": {
      "version": "3.3.3",
      "resolved": "https://registry.npmjs.org/windows-release/-/windows-release-3.3.3.tgz",
      "integrity": "sha512-OSOGH1QYiW5yVor9TtmXKQvt2vjQqbYS+DqmsZw+r7xDwLXEeT3JGW0ZppFmHx4diyXmxt238KFR3N9jzevBRg==",
      "requires": {
        "execa": "^1.0.0"
      }
    },
    "word-wrap": {
      "version": "1.2.3",
      "resolved": "https://registry.npmjs.org/word-wrap/-/word-wrap-1.2.3.tgz",
      "integrity": "sha512-Hz/mrNwitNRh/HUAtM/VT/5VH+ygD6DV7mYKZAtHOrbs8U7lvPS6xf7EJKMF0uW1KJCl0H701g3ZGus+muE5vQ=="
    },
    "wrap-ansi": {
      "version": "6.2.0",
      "resolved": "https://registry.npmjs.org/wrap-ansi/-/wrap-ansi-6.2.0.tgz",
      "integrity": "sha512-r6lPcBGxZXlIcymEu7InxDMhdW0KDxpLgoFLcguasxCaJ/SOIZwINatK9KY/tf+ZrlywOKU0UDj3ATXUBfxJXA==",
      "requires": {
        "ansi-styles": "^4.0.0",
        "string-width": "^4.1.0",
        "strip-ansi": "^6.0.0"
      }
    },
    "wrappy": {
      "version": "1.0.2",
      "resolved": "https://registry.npmjs.org/wrappy/-/wrappy-1.0.2.tgz",
      "integrity": "sha1-tSQ9jz7BqjXxNkYFvA0QNuMKtp8="
    },
    "write-file-atomic": {
      "version": "3.0.3",
      "resolved": "https://registry.npmjs.org/write-file-atomic/-/write-file-atomic-3.0.3.tgz",
      "integrity": "sha512-AvHcyZ5JnSfq3ioSyjrBkH9yW4m7Ayk8/9My/DD9onKeu/94fwrMocemO2QAJFAlnnDN+ZDS+ZjAR5ua1/PV/Q==",
      "requires": {
        "imurmurhash": "^0.1.4",
        "is-typedarray": "^1.0.0",
        "signal-exit": "^3.0.2",
        "typedarray-to-buffer": "^3.1.5"
      }
    },
    "ws": {
      "version": "7.4.0",
      "resolved": "https://registry.npmjs.org/ws/-/ws-7.4.0.tgz",
      "integrity": "sha512-kyFwXuV/5ymf+IXhS6f0+eAFvydbaBW3zjpT6hUdAh/hbVjTIB5EHBGi0bPoCLSK2wcuz3BrEkB9LrYv1Nm4NQ=="
    },
    "xregexp": {
      "version": "2.0.0",
      "resolved": "https://registry.npmjs.org/xregexp/-/xregexp-2.0.0.tgz",
      "integrity": "sha1-UqY+VsoLhKfzpfPWGHLxJq16WUM="
    },
    "yallist": {
      "version": "3.1.1",
      "resolved": "https://registry.npmjs.org/yallist/-/yallist-3.1.1.tgz",
      "integrity": "sha512-a4UGQaWPH59mOXUYnAG2ewncQS4i4F43Tv3JoAM+s2VDAmS9NsK8GpDMLrCHPksFT7h3K6TOoUNn2pb7RoXx4g=="
    }
  }
}
